,anatomical_similarity,functional_similarity,functional_dominance
M1,0.5039944048236784,0.7177988441229017,0.21380443929922333
SMA,0.4711421379703363,0.5153319213782823,0.04418978340794599
PMC,0.457084924384086,0.6338301766290119,0.17674525224492588
PPC,0.33973716586006897,0.5766146094127806,0.23687744355271168
