,anatomical_similarity,functional_similarity,functional_dominance
M1,0.49215411895937633,0.7177988441229017,0.2256447251635254
SMA,0.4714724498793963,0.5153319213782823,0.04385947149888603
PMC,0.447588026168811,0.6338301766290119,0.18624215046020087
PPC,0.35263179984334647,0.5766146094127806,0.22398280956943417
